{
    "AUC": 0.9502085380771161,
    "center_error": 11.167323890748008,
    "loss": 0.12313703405112028
}